Model,Accuracy,Loss
EfficientNetB0,0.16316284239292145,2.29618239402771
InceptionV3,0.9981173276901245,0.015908414497971535
MobileNetV2,0.9965484738349915,0.010223710909485817
ResNet50,0.7561970353126526,0.7087363004684448
VGG16,0.9981173276901245,0.008399213664233685
